Letterboxd URI,Title
https://boxd.it/7X8yRr,Grave of the Fireflies
https://boxd.it/7AwiPb,Vertigo
https://boxd.it/6oecHt,Challengers
https://boxd.it/6kcUrz,The Tree of Life
https://boxd.it/5MnPO5,The Zone of Interest
https://boxd.it/85g35f,The Sound of Music
https://boxd.it/80weTx,The Florida Project
https://boxd.it/7U3IEP,Anora
https://boxd.it/7LX7aT,Eyes Wide Shut
https://boxd.it/7Gl6oT,Scream
https://boxd.it/7BMzBh,Psycho
https://boxd.it/7ptzyV,Who's Afraid of Virginia Woolf?
https://boxd.it/7nKUwx,The Substance
https://boxd.it/7d1QdL,Secret Sunshine
https://boxd.it/76tki3,The Parent Trap
https://boxd.it/757FZJ,Come and See
https://boxd.it/6YCbId,All of Us Strangers
https://boxd.it/6NJ4lr,The Pianist
https://boxd.it/6H1eTV,Schindler's List
https://boxd.it/6FojXr,Black Dynamite
https://boxd.it/6B3Apt,Network
https://boxd.it/6xB9F7,Million Dollar Baby
https://boxd.it/6uD4Wz,The Deer Hunter
https://boxd.it/6nMssN,Paddington 2
https://boxd.it/6dd44R,The Thin Blue Line
https://boxd.it/62A4rD,Don't Look Now
https://boxd.it/5Zl9aP,Dune: Part Two
https://boxd.it/5zm1pP,The Iron Claw
https://boxd.it/5yOQYD,The Umbrellas of Cherbourg
https://boxd.it/5xOZi3,The Treasure of the Sierra Madre
https://boxd.it/5uYOc7,Mysterious Skin
https://boxd.it/84BFjd,Robot Dreams
https://boxd.it/7VqSkZ,Bottoms
https://boxd.it/7IsiOL,Inglourious Basterds
https://boxd.it/7EBRTj,Tokyo Story
https://boxd.it/7wTKCT,Death Proof
https://boxd.it/7okgix,Howl's Moving Castle
https://boxd.it/7lbgzt,The Lion King
https://boxd.it/7h1A95,Between the Temples
https://boxd.it/7fqSud,Thirst
https://boxd.it/6Xfs4p,The Breadwinner
https://boxd.it/6URwHf,Metropolis
https://boxd.it/6P4cLj,Searching
https://boxd.it/6GBdEt,Hit Man
https://boxd.it/6G7Cmp,Dark Waters
https://boxd.it/6DJs0x,The Kid with a Bike
https://boxd.it/6DlY5h,Son of Saul
https://boxd.it/6DagOZ,Citizenfour
https://boxd.it/6v9En5,The Godfather Part II
https://boxd.it/6uZSRD,I Saw the TV Glow
https://boxd.it/6sn10x,The Blair Witch Project
https://boxd.it/6nqG8j,Shoplifters
https://boxd.it/6mXOuz,Logan Lucky
https://boxd.it/6lYChr,Mandy
https://boxd.it/6lDSqx,Black Narcissus
https://boxd.it/6gAJM9,Moneyball
https://boxd.it/6gcn4r,Picnic at Hanging Rock
https://boxd.it/6dibAF,The Assistant
https://boxd.it/63S5o1,The Exorcist
https://boxd.it/61aagb,"Paris, Texas"
https://boxd.it/5Xbft1,The Man from Earth
https://boxd.it/5TDa3d,The Holdovers
https://boxd.it/5NcsDZ,The Eternal Memory
https://boxd.it/5GcCuF,Raising Arizona
https://boxd.it/5ymvDj,Clueless
https://boxd.it/5xjBUZ,How to Lose a Guy in 10 Days
https://boxd.it/87pNkh,Tropic Thunder
https://boxd.it/81rqKV,Superbad
https://boxd.it/7B4819,Melancholia
https://boxd.it/7y2GUV,The Descent
https://boxd.it/7rhaut,Never Rarely Sometimes Always
https://boxd.it/7qL5yr,Shutter Island
https://boxd.it/7ndkeV,Look Into My Eyes
https://boxd.it/7cdaod,The Princess and the Frog
https://boxd.it/6WOjYp,The Last Black Man in San Francisco
https://boxd.it/6SFtW5,Heaven Knows What
https://boxd.it/6CApOn,Ida
https://boxd.it/6BxUhJ,The Nice Guys
https://boxd.it/6Abs8h,Slumdog Millionaire
https://boxd.it/6zlZ2H,Once
https://boxd.it/6xxCnj,"O Brother, Where Art Thou?"
https://boxd.it/6jHNHD,The Revenant
https://boxd.it/6htuUd,The Shape of Water
https://boxd.it/6h2dsx,Roma
https://boxd.it/64Wnzj,Suspiria
https://boxd.it/5YrlYv,Winter Light
https://boxd.it/5UzwhR,Guardians of the Galaxy Vol. 3
https://boxd.it/5Ty6iX,American Fiction
https://boxd.it/5FHXj7,Society of the Snow
https://boxd.it/5Eb0ht,Lone Star
https://boxd.it/5CFCSJ,Cl√©o from 5 to 7
https://boxd.it/8cg0wZ,A Complete Unknown
https://boxd.it/887Zsb,Watership Down
https://boxd.it/86Orgj,Natural Born Killers
https://boxd.it/814slR,Three Days of the Condor
https://boxd.it/7ZpeHX,Little Miss Sunshine
https://boxd.it/7PpcPb,District 9
https://boxd.it/7Ff54x,Popstar: Never Stop Never Stopping
https://boxd.it/7xsqAt,The Rock
https://boxd.it/7uC1cT,Upgrade
https://boxd.it/7bJdsd,A Taxi Driver
https://boxd.it/7b5HBz,Jacob's Ladder
https://boxd.it/6X5lAX,High School Musical 2
https://boxd.it/6QSHER,The Fountain
https://boxd.it/6Q3kqF,Snatch
https://boxd.it/6Oc38f,The King's Speech
https://boxd.it/6Kdf9l,Rocketman
https://boxd.it/6JOVlN,10 Cloverfield Lane
https://boxd.it/6IU1Qt,It Follows
https://boxd.it/6rF7tn,Barbie as The Princess & the Pauper
https://boxd.it/6oCwud,American Beauty
https://boxd.it/5NC1RH,Nimona
https://boxd.it/5tRvw5,Maestro
https://boxd.it/849ciT,Almost Famous
https://boxd.it/7LjRal,Gladiator
https://boxd.it/6KTfe5,Train to Busan
https://boxd.it/6JmiJF,Easy A
https://boxd.it/6EIzVx,Anyone But You
https://boxd.it/6zJSL9,Pan's Labyrinth
https://boxd.it/6tgfJ7,The Cheetah Girls
https://boxd.it/6qVxr1,American Graffiti
https://boxd.it/5Rg02P,Elemental
https://boxd.it/5P5N0X,American Symphony
https://boxd.it/7aBWv7,American History X
https://boxd.it/6tjSSt,The Cheetah Girls 2
https://boxd.it/5NEAa3,Flamin' Hot
